{"cameraMode":{"drawMode":0,"name":"Shaded","section":"Shading Mode"},"sceneLighting":false,"audioPlay":false,"sceneViewState":{"showFog":true,"showMaterialUpdate":false,"showSkybox":true,"showFlares":true,"showImageEffects":true,"showParticleSystems":true},"in2DMode":false,"pivot":{"x":-61.849998474121097,"y":0.0,"z":9.449999809265137},"rotation":{"x":-0.6663554310798645,"y":0.0004462061624508351,"z":-0.00039823181577958167,"w":-0.7456340193748474},"size":102.19860076904297,"orthographic":false}