{"cameraMode":{"drawMode":0,"name":"Shaded","section":"Shading Mode"},"sceneLighting":false,"audioPlay":false,"sceneViewState":{"showFog":true,"showMaterialUpdate":false,"showSkybox":true,"showFlares":true,"showImageEffects":true,"showParticleSystems":true},"in2DMode":false,"pivot":{"x":-21.021238327026368,"y":-8.947977066040039,"z":28.596174240112306},"rotation":{"x":-0.3049962520599365,"y":-0.056525178253650668,"z":0.018137503415346147,"w":-0.9505016207695007},"size":29.56657600402832,"orthographic":false}