{"cameraMode":{"drawMode":0,"name":"Shaded","section":"Shading Mode"},"sceneLighting":false,"audioPlay":false,"sceneViewState":{"showFog":true,"showMaterialUpdate":false,"showSkybox":true,"showFlares":true,"showImageEffects":true,"showParticleSystems":true},"in2DMode":false,"pivot":{"x":-3.9661591053009035,"y":-0.5383872985839844,"z":39.1233024597168},"rotation":{"x":-0.5013279318809509,"y":0.12169533222913742,"z":-0.071467325091362,"w":-0.8536703586578369},"size":21.135770797729493,"orthographic":false}