{"cameraMode":{"drawMode":0,"name":"Shaded","section":"Shading Mode"},"sceneLighting":false,"audioPlay":false,"sceneViewState":{"showFog":true,"showMaterialUpdate":false,"showSkybox":true,"showFlares":true,"showImageEffects":true,"showParticleSystems":true},"in2DMode":false,"pivot":{"x":107.67898559570313,"y":16.9375,"z":327.8671875},"rotation":{"x":-0.6237251162528992,"y":-0.0014112039934843779,"z":0.001126426737755537,"w":-0.7816416621208191},"size":323.4403076171875,"orthographic":true}