{"cameraMode":{"drawMode":0,"name":"Shaded","section":"Shading Mode"},"sceneLighting":false,"audioPlay":false,"sceneViewState":{"showFog":true,"showMaterialUpdate":false,"showSkybox":true,"showFlares":true,"showImageEffects":true,"showParticleSystems":true},"in2DMode":false,"pivot":{"x":5.1921234130859379,"y":13.55523681640625,"z":-0.2253437042236328},"rotation":{"x":0.09898589551448822,"y":-0.3489031493663788,"z":0.03708919137716293,"w":0.9311782121658325},"size":32.96029281616211,"orthographic":false}