{"cameraMode":{"drawMode":0,"name":"Shaded","section":"Shading Mode"},"sceneLighting":false,"audioPlay":false,"sceneViewState":{"showFog":true,"showMaterialUpdate":false,"showSkybox":true,"showFlares":true,"showImageEffects":true,"showParticleSystems":true},"in2DMode":false,"pivot":{"x":-26.792543411254884,"y":-27.34888458251953,"z":68.60115814208985},"rotation":{"x":-0.49688202142715456,"y":-0.07220863550901413,"z":0.041535474359989169,"w":-0.8638107776641846},"size":134.5823974609375,"orthographic":false}