{"cameraMode":{"drawMode":0,"name":"Shaded","section":"Shading Mode"},"sceneLighting":false,"audioPlay":false,"sceneViewState":{"showFog":true,"showMaterialUpdate":false,"showSkybox":true,"showFlares":true,"showImageEffects":true,"showParticleSystems":true},"in2DMode":false,"pivot":{"x":-3.5720701217651369,"y":6.12433385848999,"z":2.1432371139526369},"rotation":{"x":-0.682523787021637,"y":-0.018190700560808183,"z":0.016997212544083597,"w":-0.730439305305481},"size":32.522926330566409,"orthographic":false}