{"cameraMode":{"drawMode":0,"name":"Shaded","section":"Shading Mode"},"sceneLighting":false,"audioPlay":false,"sceneViewState":{"showFog":true,"showMaterialUpdate":false,"showSkybox":true,"showFlares":true,"showImageEffects":true,"showParticleSystems":true},"in2DMode":false,"pivot":{"x":2.1084940433502199,"y":-0.636286735534668,"z":24.035354614257814},"rotation":{"x":-0.4789772033691406,"y":-0.23341329395771027,"z":0.13379836082458497,"w":-0.83558189868927},"size":13.796586036682129,"orthographic":false}