{"cameraMode":{"drawMode":0,"name":"Shaded","section":"Shading Mode"},"sceneLighting":false,"audioPlay":false,"sceneViewState":{"showFog":true,"showMaterialUpdate":false,"showSkybox":true,"showFlares":true,"showImageEffects":true,"showParticleSystems":true},"in2DMode":false,"pivot":{"x":5.081976890563965,"y":70.03817749023438,"z":14.379758834838868},"rotation":{"x":0.6202408075332642,"y":-0.02046448364853859,"z":0.01618988998234272,"w":0.7839773297309876},"size":358.6144714355469,"orthographic":false}