{"cameraMode":{"drawMode":0,"name":"Shaded","section":"Shading Mode"},"sceneLighting":false,"audioPlay":false,"sceneViewState":{"showFog":true,"showMaterialUpdate":false,"showSkybox":true,"showFlares":true,"showImageEffects":true,"showParticleSystems":true},"in2DMode":false,"pivot":{"x":398.94439697265627,"y":109.81755065917969,"z":587.5883178710938},"rotation":{"x":0.09608618170022965,"y":0.04268922284245491,"z":-0.00412516575306654,"w":0.9944486618041992},"size":1364.0859375,"orthographic":false}