{"cameraMode":{"drawMode":0,"name":"Shaded","section":"Shading Mode"},"sceneLighting":false,"audioPlay":false,"sceneViewState":{"showFog":true,"showMaterialUpdate":false,"showSkybox":true,"showFlares":true,"showImageEffects":true,"showParticleSystems":true},"in2DMode":false,"pivot":{"x":-16.91929054260254,"y":10.371456146240235,"z":24.35167694091797},"rotation":{"x":0.6309609413146973,"y":0.05571387708187103,"z":-0.04550805315375328,"w":0.7724722623825073},"size":52.72945785522461,"orthographic":false}